{"cameraMode":{"drawMode":0,"name":"Shaded","section":"Shading Mode"},"sceneLighting":true,"audioPlay":false,"sceneViewState":{"showFog":true,"showMaterialUpdate":true,"showSkybox":true,"showFlares":true,"showImageEffects":true,"showParticleSystems":true},"in2DMode":false,"pivot":{"x":47.39072036743164,"y":59.01823425292969,"z":83.8643798828125},"rotation":{"x":0.19304196536540986,"y":0.10132869333028794,"z":-0.020048607140779496,"w":0.9757384061813355},"size":55.54627990722656,"orthographic":false}