{"cameraMode":{"drawMode":0,"name":"Shaded","section":"Shading Mode"},"sceneLighting":true,"audioPlay":false,"sceneViewState":{"showFog":true,"showMaterialUpdate":true,"showSkybox":true,"showFlares":true,"showImageEffects":true,"showParticleSystems":true},"in2DMode":false,"pivot":{"x":55.31218719482422,"y":78.63678741455078,"z":124.57536315917969},"rotation":{"x":-0.4066445529460907,"y":0.19973741471767426,"z":-0.09159789979457855,"w":-0.8867666721343994},"size":36.52708435058594,"orthographic":false}