{"cameraMode":{"drawMode":0,"name":"Shaded","section":"Shading Mode"},"sceneLighting":true,"audioPlay":false,"sceneViewState":{"showFog":true,"showMaterialUpdate":true,"showSkybox":true,"showFlares":true,"showImageEffects":true,"showParticleSystems":true},"in2DMode":false,"pivot":{"x":45.08930969238281,"y":63.405418395996097,"z":50.76481246948242},"rotation":{"x":0.016528163105249406,"y":0.9771817922592163,"z":-0.1948607861995697,"w":0.08289694041013718},"size":50.45463180541992,"orthographic":false}