{"cameraMode":{"drawMode":0,"name":"Shaded","section":"Shading Mode"},"sceneLighting":true,"audioPlay":false,"sceneViewState":{"showFog":true,"showMaterialUpdate":true,"showSkybox":true,"showFlares":true,"showImageEffects":true,"showParticleSystems":true},"in2DMode":false,"pivot":{"x":50.69858169555664,"y":58.38267517089844,"z":168.22027587890626},"rotation":{"x":-0.3098702132701874,"y":-0.040341172367334369,"z":0.01315912976861,"w":-0.9498315453529358},"size":60.16808319091797,"orthographic":false}