{"cameraMode":{"drawMode":0,"name":"Shaded","section":"Shading Mode"},"sceneLighting":true,"audioPlay":false,"sceneViewState":{"showFog":true,"showMaterialUpdate":true,"showSkybox":true,"showFlares":true,"showImageEffects":true,"showParticleSystems":true},"in2DMode":false,"pivot":{"x":51.09856414794922,"y":85.1482162475586,"z":143.7825164794922},"rotation":{"x":-0.2909902334213257,"y":0.5482581257820129,"z":-0.21130084991455079,"w":-0.7550428509712219},"size":37.61262512207031,"orthographic":false}