{"cameraMode":{"drawMode":0,"name":"Shaded","section":"Shading Mode"},"sceneLighting":true,"audioPlay":false,"sceneViewState":{"showFog":true,"showMaterialUpdate":true,"showSkybox":true,"showFlares":true,"showImageEffects":true,"showParticleSystems":true},"in2DMode":false,"pivot":{"x":34.964263916015628,"y":98.50211334228516,"z":62.43499755859375},"rotation":{"x":-0.3516596555709839,"y":-0.6343474388122559,"z":0.3962456285953522,"w":-0.5629637837409973},"size":18.760536193847658,"orthographic":false}